{
  "inputs": {
    "mdot_he": 1.0,
    "T_h_in": 873.15,
    "T_h_out": 573.15,
    "T_c_in": 563.15,
    "T_c_out": 853.15,
    "P_he": 200000.0,
    "d_i": 0.01,
    "t_wall": 0.0025,
    "k_wall": 20.0,
    "h_sec": 4000.0,
    "Re_target": 3000.0
  },
  "Q_duty_W": 1557900.0,
  "LMTD_K": 14.426950408889635,
  "C_hot_W_K": 5193.0,
  "C_cold_W_K": 5372.068965517241,
  "C_ratio": 1.0344827586206895,
  "effectiveness": 0.967741935483871,
  "Re": 2999.5804652532474,
  "Nu": 7.586512601658781,
  "flow_regime": "transition (interpolated \u2014 uncertain)",
  "h_he_W_m2K": 212.89099128639205,
  "U_W_m2K": 201.3988127010226,
  "R_he": 0.004697239624643149,
  "R_wall": 0.00010136627702704111,
  "R_sec": 0.0001666666666666667,
  "A_m2": 536.1769407237701,
  "n_tubes": 1183,
  "L_m": 14.426916396970105,
  "u_he_m_s": 80.82546259904909,
  "Mach": 0.0510854724084133,
  "dP_he_Pa": 28589.907726579633,
  "dP_over_P": 0.14294953863289817
}